Train/ep_return,Train/ep_return_max,Train/ep_return_min,Train/ep_length,Train/fps,Train/Step,timestep,Loss/4,Eval/ep_return,Eval/ep_return_max,Eval/ep_return_min,Eval/ep_length
-0.07499997,0.6,-1.05,1536.0,109.38563930542628,6144.0,6144,,,,,
0.3,0.75,-0.45000002,1536.0,151.54806806610233,12288.0,12288,,,,,
-0.037499994,0.6,-0.6,1536.0,166.98315062393615,18432.0,18432,,,,,
0.075,0.45000002,-0.75,1536.0,189.3373905098849,24576.0,24576,,,,,
0.0,1.05,-1.1999999,1536.0,201.97813628773503,30720.0,30720,,,,,
,,,,,,30720,6.5,,,,
,,,,,30720.0,30720,,0.0375,0.3,-0.15,1536.0
-0.33749998,0.6,-1.8,1536.0,33.29941962397238,6144.0,6144,,,,,
0.26250002,0.9,-0.45000002,1536.0,58.37190362219405,12288.0,12288,,,,,
0.3,1.1999999,-0.15,1536.0,74.93164775183712,18432.0,18432,,,,,
0.26250002,0.45000002,-0.15,1536.0,91.5503824906422,24576.0,24576,,,,,
0.2625,1.1999999,-0.75,1536.0,104.82763052814155,30720.0,30720,,,,,
,,,,,,30720,4.5,,,,
,,,,,30720.0,30720,,0.3375,0.45000002,0.3,1536.0
0.26250002,0.6,0.0,1536.0,18.702494508509943,6144.0,6144,,,,,
0.375,0.75,0.15,1536.0,34.612120207494605,12288.0,12288,,,,,
0.2625,1.05,-0.45000002,1536.0,47.69433934809878,18432.0,18432,,,,,
0.112500004,0.75,-0.75,1536.0,59.89337829138466,24576.0,24576,,,,,
0.1875,0.9,-0.6,1536.0,70.19328460444342,30720.0,30720,,,,,
,,,,,,30720,3.25,,,,
,,,,,30720.0,30720,,0.52500004,0.6,0.3,1536.0
-0.11250001,0.45000002,-0.6,1536.0,13.0706242908543,6144.0,6144,,,,,
0.037500024,0.75,-1.3499999,1536.0,24.98487194408187,12288.0,12288,,,,,
-0.11249998,1.1999999,-1.1999999,1536.0,35.580569562893984,18432.0,18432,,,,,
0.37500003,0.6,0.0,1536.0,45.75051822091295,24576.0,24576,,,,,
0.375,0.9,-0.15,1536.0,54.83920073851572,30720.0,30720,,,,,
,,,,,,30720,2.75,,,,
,,,,,30720.0,30720,,0.6,1.3499999,0.0,1536.0
0.075,0.3,-0.3,1536.0,10.394979030811498,6144.0,6144,,,,,
0.075,0.3,-0.3,1536.0,19.892147845617835,12288.0,12288,,,,,
0.075,0.45000002,-0.6,1536.0,28.54147889356349,18432.0,18432,,,,,
0.22500001,0.45000002,-0.15,1536.0,36.708238454688384,24576.0,24576,,,,,
-0.14999998,0.6,-1.05,1536.0,44.28739480679217,30720.0,30720,,,,,
,,,,,,30720,5.5,,,,
,,,,,30720.0,30720,,0.1875,0.3,0.0,1536.0
0.075,0.45000002,-0.3,1536.0,8.481936618069373,6144.0,6144,,,,,
0.15,0.6,-0.6,1536.0,16.553373166594174,12288.0,12288,,,,,
-0.07500002,1.05,-1.2,1536.0,23.9110870949437,18432.0,18432,,,,,
0.074999996,0.45000002,-0.3,1536.0,31.040868986509004,24576.0,24576,,,,,
0.3,1.05,-0.9,1536.0,37.66644005217496,30720.0,30720,,,,,
,,,,,,30720,5.0,,,,
,,,,,30720.0,30720,,0.26250002,0.45000002,0.15,1536.0
0.037499994,0.6,-0.9000001,1536.0,7.259719727094881,6144.0,6144,,,,,
0.1875,0.45000002,-0.15,1536.0,14.166103999531352,12288.0,12288,,,,,
-0.26250002,0.9,-1.1999999,1536.0,20.59333120921362,18432.0,18432,,,,,
0.41250002,0.6,0.0,1536.0,26.84507737656094,24576.0,24576,,,,,
0.4125,1.1999999,-0.75,1536.0,32.87334249748585,30720.0,30720,,,,,
,,,,,,30720,3.0,,,,
,,,,,30720.0,30720,,0.5625,0.9,0.45000002,1536.0
-0.22500002,0.15,-0.9000001,1536.0,6.346434740243922,6144.0,6144,,,,,
0.2625,0.75,-0.3,1536.0,12.429806486632282,12288.0,12288,,,,,
0.3,0.9,-0.45000002,1536.0,18.11884711407888,18432.0,18432,,,,,
0.112500004,0.3,-0.3,1536.0,23.77743489680705,24576.0,24576,,,,,
0.2625,1.05,-0.45000002,1536.0,29.21793672514172,30720.0,30720,,,,,
,,,,,,30720,2.0,,,,
,,,,,30720.0,30720,,0.7125,1.1999999,0.45000002,1536.0
0.0,0.3,-0.15,1536.0,5.690143664327708,6144.0,6144,,,,,
0.22500001,0.45000002,-0.45000002,1536.0,11.10766214561449,12288.0,12288,,,,,
0.0,0.3,-0.6,1536.0,16.19346272176627,18432.0,18432,,,,,
0.037499994,0.45000002,-0.75,1536.0,21.21721934931477,24576.0,24576,,,,,
0.2625,1.1999999,-0.45000002,1536.0,26.06019111713242,30720.0,30720,,,,,
,,,,,,30720,2.0,,,,
,,,,,30720.0,30720,,0.7125,1.05,-0.15,1536.0
-0.112500004,0.3,-0.75,1536.0,5.09068288651702,6144.0,6144,,,,,
0.3375,0.45000002,0.15,1536.0,9.98268169645464,12288.0,12288,,,,,
0.037499994,0.75,-0.75,1536.0,14.62936342884582,18432.0,18432,,,,,
0.45000002,0.6,0.3,1536.0,19.20318808982317,24576.0,24576,,,,,
0.2625,1.05,-0.9,1536.0,23.60056670561531,30720.0,30720,,,,,
,,,,,,30720,5.0,,,,
,,,,,30720.0,30720,,0.26250002,0.3,0.15,1536.0
0.2625,0.6,0.0,1536.0,4.593490873072022,6144.0,6144,,,,,
0.45000002,0.6,0.15,1536.0,9.02977699189982,12288.0,12288,,,,,
0.3,0.9,-0.15,1536.0,13.233175805180384,18432.0,18432,,,,,
0.225,0.6,0.0,1536.0,17.32621587899722,24576.0,24576,,,,,
0.0,0.6,-0.6,1536.0,21.27541601035114,30720.0,30720,,,,,
,,,,,,30720,2.25,,,,
,,,,,30720.0,30720,,0.67499995,1.3499999,0.15,1536.0
-0.3,0.15,-0.6,1536.0,4.159640076108697,6144.0,6144,,,,,
0.075,0.3,0.0,1536.0,8.182793159793778,12288.0,12288,,,,,
0.18749997,1.05,-0.6,1536.0,12.033401031694364,18432.0,18432,,,,,
0.3,0.45000002,0.0,1536.0,15.824564427244525,24576.0,24576,,,,,
0.26250002,0.45000002,0.0,1536.0,19.457413123012365,30720.0,30720,,,,,
,,,,,,30720,2.25,,,,
,,,,,30720.0,30720,,0.67499995,0.9,0.15,1536.0
-0.074999996,0.3,-0.6,1536.0,3.813145381968817,6144.0,6144,,,,,
0.03750001,0.75,-1.1999999,1536.0,7.529334741992061,12288.0,12288,,,,,
0.075,0.3,-0.6,1536.0,11.119668249828246,18432.0,18432,,,,,
0.0375,0.6,-0.3,1536.0,14.68034524247114,24576.0,24576,,,,,
0.45,0.9,-0.45000002,1536.0,18.10259492638223,30720.0,30720,,,,,
,,,,,,30720,3.25,,,,
,,,,,30720.0,30720,,0.525,1.1999999,-0.45000002,1536.0
0.112500004,0.3,0.0,1536.0,3.5492428054678458,6144.0,6144,,,,,
-0.037499964,0.6,-1.05,1536.0,6.999979493992997,12288.0,12288,,,,,
0.3,0.6,-0.15,1536.0,10.30964718123621,18432.0,18432,,,,,
-0.074999996,0.6,-0.45000002,1536.0,13.586664935583514,24576.0,24576,,,,,
0.1875,0.9,-0.9,1536.0,16.781122888948982,30720.0,30720,,,,,
,,,,,,30720,5.25,,,,
,,,,,30720.0,30720,,0.225,0.9,-0.9,1536.0
0.15,0.6,-0.45000002,1536.0,3.2948321016502264,6144.0,6144,,,,,
0.4875,0.6,0.3,1536.0,6.506338324635125,12288.0,12288,,,,,
0.112500004,0.6,-0.3,1536.0,9.620638327682975,18432.0,18432,,,,,
0.33750004,0.6,0.0,1536.0,12.673982558180873,24576.0,24576,,,,,
0.5625,1.05,0.0,1536.0,15.622278681197724,30720.0,30720,,,,,
,,,,,,30720,2.5,,,,
,,,,,30720.0,30720,,0.63750005,0.9,0.45000002,1536.0
-0.0375,0.45000002,-0.75,1536.0,3.078325470141404,6144.0,6144,,,,,
0.375,0.75,0.0,1536.0,6.086510555126865,12288.0,12288,,,,,
0.11250001,0.6,-0.75,1536.0,9.004113082434175,18432.0,18432,,,,,
0.3375,0.45000002,0.3,1536.0,11.885283470183138,24576.0,24576,,,,,
0.037500024,1.05,-1.7999998,1536.0,14.713720565151467,30720.0,30720,,,,,
,,,,,,30720,5.0,,,,
,,,,,30720.0,30720,,0.2625,1.05,-0.6,1536.0
1.4901161e-08,0.45000002,-0.9,1536.0,2.898202163368904,6144.0,6144,,,,,
0.1125,0.45000002,-0.3,1536.0,5.729510214938927,12288.0,12288,,,,,
0.075,0.3,-0.45000002,1536.0,8.477329277004829,18432.0,18432,,,,,
0.45000002,0.75,0.15,1536.0,11.199495274183798,24576.0,24576,,,,,
0.37499997,1.1999999,-0.6,1536.0,13.861347090082278,30720.0,30720,,,,,
,,,,,,30720,6.25,,,,
,,,,,30720.0,30720,,0.075,0.45000002,-0.15,1536.0
-0.112500004,0.15,-0.45000002,1536.0,2.7345038583355388,6144.0,6144,,,,,
0.15,0.75,-0.75,1536.0,5.416972766602124,12288.0,12288,,,,,
0.0,0.75,-1.05,1536.0,8.0357445601795,18432.0,18432,,,,,
0.3375,0.6,0.15,1536.0,10.62044808475572,24576.0,24576,,,,,
0.225,0.9,-0.75,1536.0,13.16895101191347,30720.0,30720,,,,,
,,,,,,30720,5.0,,,,
,,,,,30720.0,30720,,0.26250002,0.45000002,0.15,1536.0
-0.037499994,0.6,-0.9,1536.0,2.6008429704582627,6144.0,6144,,,,,
0.26250002,0.75,-0.45000002,1536.0,5.1534257156555885,12288.0,12288,,,,,
0.1125,0.45000002,-0.3,1536.0,7.63913553909928,18432.0,18432,,,,,
0.26250002,0.45000002,0.0,1536.0,10.109356391878354,24576.0,24576,,,,,
0.11249998,1.05,-0.3,1536.0,12.533797591429558,30720.0,30720,,,,,
,,,,,,30720,4.5,,,,
,,,,,30720.0,30720,,0.3375,0.45000002,0.15,1536.0
0.22499998,1.05,-0.75,1536.0,2.4749264357185763,6144.0,6144,,,,,
0.07500002,0.75,-1.05,1536.0,4.898524578784336,12288.0,12288,,,,,
-1.4901161e-08,0.9,-0.75,1536.0,7.269571423917664,18432.0,18432,,,,,
0.41250002,0.6,0.3,1536.0,9.624605903405914,24576.0,24576,,,,,
0.45,1.05,-0.3,1536.0,11.939730130086774,30720.0,30720,,,,,
,,,,,,30720,2.75,,,,
,,,,,30720.0,30720,,0.6,1.05,0.45000002,1536.0
-0.07500003,0.45000002,-0.60000014,1536.0,2.360168727379424,6144.0,6144,,,,,
0.26250002,0.6,-0.45000002,1536.0,4.678035202807997,12288.0,12288,,,,,
0.0375,0.45000002,-0.6,1536.0,6.937864107503198,18432.0,18432,,,,,
0.22500001,0.75,-0.75,1536.0,9.177380498532935,24576.0,24576,,,,,
0.14999998,0.9,-0.75,1536.0,11.39046929724441,30720.0,30720,,,,,
,,,,,,30720,4.5,,,,
,,,,,30720.0,30720,,0.3375,0.45000002,0.15,1536.0
0.07500002,0.6,-0.6,1536.0,2.252502672073647,6144.0,6144,,,,,
0.112500004,0.6,-0.6,1536.0,4.471023946529519,12288.0,12288,,,,,
0.26250002,0.9,-0.3,1536.0,6.645214330565313,18432.0,18432,,,,,
0.41250002,0.45000002,0.3,1536.0,8.804476996507109,24576.0,24576,,,,,
0.37499997,1.1999999,-0.45000002,1536.0,10.93342741236973,30720.0,30720,,,,,
,,,,,,30720,2.25,,,,
,,,,,30720.0,30720,,0.675,1.1999999,0.3,1536.0
-0.11249998,0.6,-1.1999999,1536.0,2.1640640089127405,6144.0,6144,,,,,
0.375,0.45000002,0.15,1536.0,4.292275113129939,12288.0,12288,,,,,
-0.037499994,0.6,-0.6,1536.0,6.369568769337908,18432.0,18432,,,,,
-0.075,0.45000002,-0.45000002,1536.0,8.44623026448498,24576.0,24576,,,,,
0.1875,0.3,0.15,1536.0,10.48706540581475,30720.0,30720,,,,,
,,,,,,30720,2.25,,,,
,,,,,30720.0,30720,,0.67499995,0.9,0.3,1536.0
-0.225,0.45000002,-1.35,1536.0,2.0745416853347134,6144.0,6144,,,,,
0.3,0.6,0.0,1536.0,4.1152492316659055,12288.0,12288,,,,,
0.22500001,0.6,-0.3,1536.0,6.1123711559303535,18432.0,18432,,,,,
0.07500001,0.45000002,-0.75,1536.0,8.102922637403195,24576.0,24576,,,,,
0.45,1.05,-0.75,1536.0,10.068116344594232,30720.0,30720,,,,,
,,,,,,30720,3.25,,,,
,,,,,30720.0,30720,,0.525,1.05,-0.75,1536.0
0.0,0.3,-0.45000002,1536.0,1.992886494325235,6144.0,6144,,,,,
0.41250002,0.9,0.0,1536.0,3.955652935827915,12288.0,12288,,,,,
0.1125,0.75,-0.45000002,1536.0,5.877437754479476,18432.0,18432,,,,,
-0.112500004,0.15,-0.3,1536.0,7.783936689856562,24576.0,24576,,,,,
0.26250002,0.6,-0.45000002,1536.0,9.672638495131553,30720.0,30720,,,,,
,,,,,,30720,3.5,,,,
,,,,,30720.0,30720,,0.4875,1.05,0.0,1536.0
-0.14999998,0.3,-0.75,1536.0,1.916615961769348,6144.0,6144,,,,,
0.11250001,0.6,-0.45000002,1536.0,3.809129506764767,12288.0,12288,,,,,
0.14999998,0.75,-0.3,1536.0,5.666934900953049,18432.0,18432,,,,,
0.3,0.75,0.0,1536.0,7.507957370833815,24576.0,24576,,,,,
0.26250002,0.9,-1.05,1536.0,9.325318051932763,30720.0,30720,,,,,
,,,,,,30720,3.5,,,,
,,,,,30720.0,30720,,0.4875,0.9,-0.15,1536.0
0.112500004,0.45000002,-0.6,1536.0,1.8486204581809256,6144.0,6144,,,,,
0.22500002,0.6,-0.45000002,1536.0,3.672271094408047,12288.0,12288,,,,,
0.0375,0.3,-0.6,1536.0,5.463220996550021,18432.0,18432,,,,,
0.14999998,0.75,-0.45000002,1536.0,7.248481012266443,24576.0,24576,,,,,
0.44999996,1.05,-0.45000002,1536.0,9.010712534304524,30720.0,30720,,,,,
,,,,,,30720,3.75,,,,
,,,,,30720.0,30720,,0.45,1.05,-0.3,1536.0
-0.11249998,0.45000002,-1.05,1536.0,1.7857291134582547,6144.0,6144,,,,,
0.4875,0.75,0.3,1536.0,3.5485066623119845,12288.0,12288,,,,,
-0.1125,0.6,-0.9,1536.0,5.276369591423824,18432.0,18432,,,,,
0.4875,0.6,0.3,1536.0,6.994759558001363,24576.0,24576,,,,,
0.1875,1.05,-0.9,1536.0,8.68705268403472,30720.0,30720,,,,,
,,,,,,30720,3.25,,,,
,,,,,30720.0,30720,,0.525,1.05,-0.15,1536.0
0.15,0.15,0.15,1536.0,1.720245561829105,6144.0,6144,,,,,
0.07500001,0.45000002,-0.9,1536.0,3.416295695269902,12288.0,12288,,,,,
0.0,0.9,-1.35,1536.0,5.081904150907604,18432.0,18432,,,,,
0.4875,0.75,0.3,1536.0,6.738614645039487,24576.0,24576,,,,,
0.525,1.1999999,-0.15,1536.0,8.37023441371032,30720.0,30720,,,,,
,,,,,,30720,5.5,,,,
,,,,,30720.0,30720,,0.1875,0.45000002,-0.15,1536.0
0.22500002,0.6,-0.15,1536.0,1.6602629004488716,6144.0,6144,,,,,
0.0375,0.15,-0.15,1536.0,3.297257764731641,12288.0,12288,,,,,
0.07499999,0.9,-0.45000002,1536.0,4.907185125044848,18432.0,18432,,,,,
0.26250002,0.6,-0.15,1536.0,6.509925889413315,24576.0,24576,,,,,
0.29999995,1.1999999,-0.6,1536.0,8.08614539657134,30720.0,30720,,,,,
,,,,,,30720,6.25,,,,
,,,,,30720.0,30720,,0.07499999,1.05,-0.75,1536.0
0.15,0.45000002,-0.3,1536.0,1.6041741223147583,6144.0,6144,,,,,
0.4125,0.75,0.15,1536.0,3.190268293255865,12288.0,12288,,,,,
0.074999996,0.6,-0.3,1536.0,4.7486234197669885,18432.0,18432,,,,,
0.375,0.45000002,0.3,1536.0,6.298779510987018,24576.0,24576,,,,,
0.14999998,1.05,-0.6,1536.0,7.832875655161048,30720.0,30720,,,,,
,,,,,,30720,2.25,,,,
,,,,,30720.0,30720,,0.67499995,1.3499999,0.15,1536.0
-0.4125,0.45000002,-1.8,1536.0,1.5529517003879023,6144.0,6144,,,,,
0.22500001,0.3,0.15,1536.0,3.0877387450821554,12288.0,12288,,,,,
0.074999996,0.75,-0.6,1536.0,4.596278830277299,18432.0,18432,,,,,
0.52500004,0.6,0.45000002,1536.0,6.103340358633583,24576.0,24576,,,,,
-0.2625,0.75,-0.75,1536.0,7.594899950158808,30720.0,30720,,,,,
,,,,,,30720,3.5,,,,
,,,,,30720.0,30720,,0.48749998,0.9,-0.45000002,1536.0
0.112500004,0.45000002,-0.45000002,1536.0,1.5080111904037197,6144.0,6144,,,,,
0.2625,0.6,-0.15,1536.0,2.9994677577887865,12288.0,12288,,,,,
0.11250001,0.9,-0.9,1536.0,4.467475478242918,18432.0,18432,,,,,
0.45000002,0.6,0.3,1536.0,5.926464714590327,24576.0,24576,,,,,
0.18750001,1.05,-1.1999999,1536.0,7.368823772839806,30720.0,30720,,,,,
,,,,,,30720,4.0,,,,
,,,,,30720.0,30720,,0.4125,0.75,-0.15,1536.0
-0.3,0.0,-0.9,1536.0,1.461328071645884,6144.0,6144,,,,,
0.037500016,0.45000002,-0.9,1536.0,2.9070789172587586,12288.0,12288,,,,,
0.07499999,1.1999999,-0.75,1536.0,4.330384583762819,18432.0,18432,,,,,
0.26250002,0.6,-0.15,1536.0,5.750495028602403,24576.0,24576,,,,,
0.48749995,1.1999999,-0.3,1536.0,7.150821949583032,30720.0,30720,,,,,
,,,,,,30720,3.5,,,,
,,,,,30720.0,30720,,0.4875,0.75,-0.15,1536.0
-0.30000004,0.3,-0.7500001,1536.0,1.4192993749584146,6144.0,6144,,,,,
0.075,0.6,-0.6,1536.0,2.823800484611313,12288.0,12288,,,,,
0.3375,0.75,0.0,1536.0,4.209272598050022,18432.0,18432,,,,,
0.26250002,0.6,-0.15,1536.0,5.588554612007982,24576.0,24576,,,,,
0.225,1.05,-0.6,1536.0,6.946831613057709,30720.0,30720,,,,,
,,,,,,30720,2.75,,,,
,,,,,30720.0,30720,,0.59999996,1.3499999,-0.9,1536.0
-0.225,0.45000002,-1.5,1536.0,1.379536692174049,6144.0,6144,,,,,
0.11250001,0.45000002,-0.75,1536.0,2.744706305573881,12288.0,12288,,,,,
1.4901161e-08,0.6,-0.75,1536.0,4.092682464765697,18432.0,18432,,,,,
0.3,0.45000002,0.15,1536.0,5.4354601368706,24576.0,24576,,,,,
0.48749998,1.05,-0.6,1536.0,6.766948325672816,30720.0,30720,,,,,
,,,,,,30720,16.75,,,,
,,,,,30720.0,30720,,-1.5000001,0.0,-3.4500008,1536.0
0.0375,0.3,-0.3,1536.0,1.344082417666577,6144.0,6144,,,,,
0.375,0.45000002,0.3,1536.0,2.673874773787023,12288.0,12288,,,,,
0.074999996,0.45000002,-0.45000002,1536.0,3.985228496910528,18432.0,18432,,,,,
0.0375,0.3,-0.6,1536.0,5.292195106844748,24576.0,24576,,,,,
0.45,1.1999999,-0.3,1536.0,6.582644232866119,30720.0,30720,,,,,
,,,,,,30720,5.75,,,,
,,,,,30720.0,30720,,0.15,0.45000002,0.0,1536.0
0.112500004,0.45000002,-0.3,1536.0,1.3071711981423957,6144.0,6144,,,,,
0.1875,0.75,-0.75,1536.0,2.6004478555307013,12288.0,12288,,,,,
0.07499999,0.75,-0.9,1536.0,3.8760099252501696,18432.0,18432,,,,,
0.15,0.75,-0.3,1536.0,5.148872271445815,24576.0,24576,,,,,
0.33749998,0.75,-0.3,1536.0,6.410524150087774,30720.0,30720,,,,,
,,,,,,30720,4.5,,,,
,,,,,30720.0,30720,,0.3375,0.45000002,0.3,1536.0
-0.22500001,0.3,-0.75,1536.0,1.2739183108475345,6144.0,6144,,,,,
0.112500004,0.3,-0.15,1536.0,2.5345227603125595,12288.0,12288,,,,,
0.037499994,0.6,-0.75,1536.0,3.781743011731352,18432.0,18432,,,,,
0.3,0.45000002,0.0,1536.0,5.020458327745203,24576.0,24576,,,,,
0.2625,1.05,-0.75,1536.0,6.24348993648665,30720.0,30720,,,,,
,,,,,,30720,3.0,,,,
,,,,,30720.0,30720,,0.5625,0.9,0.0,1536.0
0.0,0.3,-0.6,1536.0,1.2402869645036216,6144.0,6144,,,,,
0.037500054,0.6,-1.4999999,1536.0,2.4709728204856414,12288.0,12288,,,,,
0.4125,1.05,-0.3,1536.0,3.6879514733477263,18432.0,18432,,,,,
-0.03750001,0.45000002,-0.45000002,1536.0,4.900123542150528,24576.0,24576,,,,,
7.450581e-09,0.6,-0.75,1536.0,6.103174922495335,30720.0,30720,,,,,
,,,,,,30720,5.25,,,,
,,,,,30720.0,30720,,0.22500001,0.3,0.15,1536.0
-0.2625,0.75,-1.5,1536.0,1.213599419583073,6144.0,6144,,,,,
0.3,0.6,-0.15,1536.0,2.415251748252824,12288.0,12288,,,,,
0.1875,0.3,-0.15,1536.0,3.6012753821894896,18432.0,18432,,,,,
0.15,0.6,-0.45000002,1536.0,4.779703494858532,24576.0,24576,,,,,
0.4125,0.9,-0.6,1536.0,5.946982239004091,30720.0,30720,,,,,
,,,,,,30720,2.75,,,,
,,,,,30720.0,30720,,0.6,0.9,0.3,1536.0
-0.5625,0.3,-1.3499999,1536.0,1.1811619003788,6144.0,6144,,,,,
-0.33749998,0.45000002,-1.05,1536.0,2.352008769612368,12288.0,12288,,,,,
0.15,0.45000002,-0.15,1536.0,3.50693601220676,18432.0,18432,,,,,
0.1875,0.6,-0.6,1536.0,4.657733004383642,24576.0,24576,,,,,
0.2625,0.9,-0.6,1536.0,5.801641058736982,30720.0,30720,,,,,
,,,,,,30720,3.5,,,,
,,,,,30720.0,30720,,0.4875,0.75,-0.15,1536.0
0.075,0.3,-0.15,1536.0,1.153662123643587,6144.0,6144,,,,,
0.037500024,0.75,-1.1999999,1536.0,2.2988450866169323,12288.0,12288,,,,,
0.2625,1.05,-0.45000002,1536.0,3.4302499928104027,18432.0,18432,,,,,
0.3,0.6,-0.15,1536.0,4.556836094798591,24576.0,24576,,,,,
0.48749998,0.9,0.15,1536.0,5.676099149618256,30720.0,30720,,,,,
,,,,,,30720,10.0,,,,
,,,,,30720.0,30720,,-0.48749998,0.75,-1.4999999,1536.0
-0.075,0.3,-0.75,1536.0,1.1285011803228209,6144.0,6144,,,,,
0.3375,0.75,-0.3,1536.0,2.2469693274773177,12288.0,12288,,,,,
0.15,0.6,-0.45000002,1536.0,3.355127210583683,18432.0,18432,,,,,
0.3,0.75,0.0,1536.0,4.4595068300442176,24576.0,24576,,,,,
0.45,0.9,-0.45000002,1536.0,5.554473079381186,30720.0,30720,,,,,
,,,,,,30720,2.75,,,,
,,,,,30720.0,30720,,0.59999996,1.3499999,-0.45000002,1536.0
0.075,0.45000002,-0.45000002,1536.0,1.1044747188957946,6144.0,6144,,,,,
-0.29999998,0.45000002,-1.4999999,1536.0,2.20046075877097,12288.0,12288,,,,,
0.2625,1.05,-0.6,1536.0,3.282391465372084,18432.0,18432,,,,,
0.3375,0.6,0.0,1536.0,4.360583419701342,24576.0,24576,,,,,
0.375,0.75,-0.15,1536.0,5.42995259273717,30720.0,30720,,,,,
,,,,,,30720,2.25,,,,
,,,,,30720.0,30720,,0.67499995,1.05,0.0,1536.0
-0.33749998,0.3,-1.1999999,1536.0,1.079986824453513,6144.0,6144,,,,,
0.33750004,0.6,-0.15,1536.0,2.15087577564716,12288.0,12288,,,,,
0.07499999,1.05,-0.75,1536.0,3.2103025480307394,18432.0,18432,,,,,
0.26250002,0.45000002,-0.15,1536.0,4.263547875245529,24576.0,24576,,,,,
0.075,0.75,-0.45000002,1536.0,5.308823844159822,30720.0,30720,,,,,
,,,,,,30720,5.0,,,,
,,,,,30720.0,30720,,0.26250002,0.75,-0.9,1536.0
12.187492,13.19999,10.499997,1536.0,112.59922999792563,6144.0,6144,,,,,
11.174995,13.049991,9.899999,1536.0,156.3678723306975,12288.0,12288,,,,,
11.324995,12.599992,9.899999,1536.0,165.03659836994592,18432.0,18432,,,,,
7.762502,8.700002,7.2000027,1536.0,182.07959405217625,24576.0,24576,,,,,
10.312498,10.799996,9.599999,1536.0,192.7172433795753,30720.0,30720,,,,,
,,,,,,30720,30.5,,,,
,,,,,30720.0,30720,,9.937498,12.149993,7.5000033,1536.0
13.12499,14.699986,11.249995,1536.0,31.796217984448,6144.0,6144,,,,,
10.499997,12.299993,9.45,1536.0,56.41258864674716,12288.0,12288,,,,,
10.574997,12.449992,7.650003,1536.0,73.42232816663679,18432.0,18432,,,,,
11.999993,12.899991,11.099996,1536.0,89.16868487098537,24576.0,24576,,,,,
11.999993,13.34999,8.850001,1536.0,102.18496438036982,30720.0,30720,,,,,
,,,,,,30720,30.5,,,,
,,,,,30720.0,30720,,9.937498,11.999993,7.8000035,1536.0
12.187492,13.34999,9.749999,1536.0,18.188489408191188,6144.0,6144,,,,,
10.199998,12.299993,8.850001,1536.0,33.71318190297828,12288.0,12288,,,,,
7.575002,8.700002,4.9500012,1536.0,46.32832688268999,18432.0,18432,,,,,
11.399995,12.449992,9.899999,1536.0,58.07802184790344,24576.0,24576,,,,,
12.224993,13.4999895,10.799996,1536.0,68.48944942063204,30720.0,30720,,,,,
,,,,,,30720,42.25,,,,
,,,,,30720.0,30720,,8.175002,9.749999,6.750003,1536.0
12.862492,13.4999895,11.399995,1536.0,12.61422705255462,6144.0,6144,,,,,
10.162498,10.3499975,9.899999,1536.0,23.99901672386411,12288.0,12288,,,,,
11.887493,13.799989,10.949996,1536.0,34.062383142195564,18432.0,18432,,,,,
10.687496,11.699994,9.749999,1536.0,43.626904891071945,24576.0,24576,,,,,
12.224993,13.34999,11.249995,1536.0,52.32850211916394,30720.0,30720,,,,,
,,,,,,30720,53.75,,,,
,,,,,30720.0,30720,,6.4500027,8.250003,4.6500015,1536.0
12.1124935,13.049991,11.399995,1536.0,9.884804617926848,6144.0,6144,,,,,
7.762502,8.850001,5.850002,1536.0,18.99724677454943,12288.0,12288,,,,,
10.537497,13.4999895,8.250003,1536.0,27.04549455145369,18432.0,18432,,,,,
11.999993,13.049991,11.249995,1536.0,34.71723133346796,24576.0,24576,,,,,
13.012491,13.799989,11.999993,1536.0,41.803827526848906,30720.0,30720,,,,,
,,,,,,30720,45.75,,,,
,,,,,30720.0,30720,,7.6500015,9.3,5.8500023,1536.0
12.824991,13.049991,12.599992,1536.0,7.921671375039872,6144.0,6144,,,,,
8.625002,9.150001,7.950003,1536.0,15.26292584597728,12288.0,12288,,,,,
11.512495,12.449992,10.199998,1536.0,21.9397240441709,18432.0,18432,,,,,
9.974998,12.299993,8.100003,1536.0,28.303618749494284,24576.0,24576,,,,,
11.9249935,13.4999895,10.3499975,1536.0,34.276600462705595,30720.0,30720,,,,,
,,,,,,30720,8.25,,,,
,,,,,30720.0,30720,,13.27499,14.549987,11.849994,1536.0
13.012491,14.399987,11.099996,1536.0,6.562716611242346,6144.0,6144,,,,,
11.062496,13.799989,9.3,1536.0,12.741077032503863,12288.0,12288,,,,,
11.774994,13.4999895,8.700002,1536.0,18.486648538735835,18432.0,18432,,,,,
12.637491,13.799989,11.549994,1536.0,24.043658190904885,24576.0,24576,,,,,
11.512495,12.899991,8.700002,1536.0,29.391181565361705,30720.0,30720,,,,,
,,,,,,30720,10.0,,,,
,,,,,30720.0,30720,,13.012491,14.849986,11.099996,1536.0
13.012491,14.249988,11.699994,1536.0,5.652606079656546,6144.0,6144,,,,,
9.562498,12.149993,7.500003,1536.0,11.013180962496376,12288.0,12288,,,,,
12.749991,13.949988,10.949996,1536.0,16.025488578801635,18432.0,18432,,,,,
11.324995,12.599992,10.3499975,1536.0,20.89625746954699,24576.0,24576,,,,,
12.149993,13.34999,11.099996,1536.0,25.57705434614873,30720.0,30720,,,,,
,,,,,,30720,9.25,,,,
,,,,,30720.0,30720,,13.12499,14.849986,10.799996,1536.0
12.862492,13.4999895,11.999993,1536.0,4.9538385911176,6144.0,6144,,,,,
10.762497,13.949988,7.950003,1536.0,9.698684179132943,12288.0,12288,,,,,
10.387495,12.749991,5.4000015,1536.0,14.182610612440834,18432.0,18432,,,,,
9.299999,11.849994,7.500003,1536.0,18.51868202269368,24576.0,24576,,,,,
11.249995,11.849994,9.899999,1536.0,22.71075489048746,30720.0,30720,,,,,
,,,,,,30720,7.5,,,,
,,,,,30720.0,30720,,13.387489,14.099988,13.049991,1536.0
11.699994,13.34999,9.150001,1536.0,4.409938218672309,6144.0,6144,,,,,
9.112499,10.949996,7.0500026,1536.0,8.664977248918708,12288.0,12288,,,,,
11.962494,13.799989,9.45,1536.0,12.690789836115254,18432.0,18432,,,,,
8.400002,9.150001,6.9000025,1536.0,16.620296854366483,24576.0,24576,,,,,
10.274998,10.949996,8.850001,1536.0,20.42500773939084,30720.0,30720,,,,,
,,,,,,30720,41.0,,,,
,,,,,30720.0,30720,,8.362501,10.949996,6.600003,1536.0
12.974991,14.099988,11.399995,1536.0,3.984766591394957,6144.0,6144,,,,,
10.949996,13.049991,9.599999,1536.0,7.832952257765422,12288.0,12288,,,,,
12.299993,12.599992,11.549994,1536.0,11.496382883784875,18432.0,18432,,,,,
9.712499,10.949996,7.650003,1536.0,15.094591466438636,24576.0,24576,,,,,
9.862499,11.399995,8.100003,1536.0,18.578046138444893,30720.0,30720,,,,,
,,,,,,30720,58.75,,,,
,,,,,30720.0,30720,,5.700002,6.900003,3.4500008,1536.0
12.974991,13.799989,11.099996,1536.0,3.632588180706464,6144.0,6144,,,,,
10.612497,13.949988,7.800003,1536.0,7.16158034987841,12288.0,12288,,,,,
11.249995,12.599992,10.049998,1536.0,10.542964260756024,18432.0,18432,,,,,
11.062496,11.999993,10.049998,1536.0,13.856639412925404,24576.0,24576,,,,,
11.437494,13.34999,10.199998,1536.0,17.064985844610096,30720.0,30720,,,,,
,,,,,,30720,72.0,,,,
,,,,,30720.0,30720,,3.712501,4.6500015,3.0000005,1536.0
13.012491,13.949988,12.149993,1536.0,3.3470607394780805,6144.0,6144,,,,,
11.287495,12.599992,9.899999,1536.0,6.598960019714823,12288.0,12288,,,,,
12.337492,13.949988,10.3499975,1536.0,9.730212659122047,18432.0,18432,,,,,
11.7374935,13.34999,9.45,1536.0,12.82013565131812,24576.0,24576,,,,,
11.587494,13.34999,10.3499975,1536.0,15.806859226375352,30720.0,30720,,,,,
,,,,,,30720,13.5,,,,
,,,,,30720.0,30720,,12.487492,13.4999895,11.399995,1536.0
13.27499,14.099988,11.999993,1536.0,3.1024560872942977,6144.0,6144,,,,,
8.212502,9.599999,6.150002,1536.0,6.1264042388173525,12288.0,12288,,,,,
10.387497,11.699994,8.850001,1536.0,9.055590663624171,18432.0,18432,,,,,
10.237497,12.599992,8.700002,1536.0,11.940487490268616,24576.0,24576,,,,,
12.674992,14.249988,11.249995,1536.0,14.753617531996962,30720.0,30720,,,,,
,,,,,,30720,37.25,,,,
,,,,,30720.0,30720,,8.925001,9.749999,7.5000033,1536.0
13.12499,13.649989,12.449992,1536.0,2.901200318934005,6144.0,6144,,,,,
12.299993,12.899991,11.699994,1536.0,5.736615002062959,12288.0,12288,,,,,
12.524992,14.099988,11.549994,1536.0,8.480495157894868,18432.0,18432,,,,,
10.612497,11.699994,9.150001,1536.0,11.178596878073805,24576.0,24576,,,,,
9.075001,11.399995,7.650003,1536.0,13.821326662555675,30720.0,30720,,,,,
,,,,,,30720,6.0,,,,
,,,,,30720.0,30720,,13.61249,14.099988,13.19999,1536.0
12.749991,12.899991,12.449992,1536.0,2.717990529011027,6144.0,6144,,,,,
8.587502,9.150001,7.950003,1536.0,5.374949931247032,12288.0,12288,,,,,
9.637499,13.19999,6.7500024,1536.0,7.94784838129868,18432.0,18432,,,,,
12.749991,13.4999895,11.099996,1536.0,10.48660857251826,24576.0,24576,,,,,
12.93749,14.099988,10.949996,1536.0,12.963392840109767,30720.0,30720,,,,,
,,,,,,30720,30.75,,,,
,,,,,30720.0,30720,,9.899999,10.199998,9.45,1536.0
13.012491,13.949988,12.149993,1536.0,2.5522195039673976,6144.0,6144,,,,,
8.8125,11.399995,5.5500016,1536.0,5.04985055540139,12288.0,12288,,,,,
11.287495,13.049991,10.3499975,1536.0,7.464620931593023,18432.0,18432,,,,,
12.899991,13.799989,11.249995,1536.0,9.856917422151929,24576.0,24576,,,,,
6.2625017,8.550002,4.200001,1536.0,12.194349423711971,30720.0,30720,,,,,
,,,,,,30720,13.25,,,,
,,,,,30720.0,30720,,12.524992,13.19999,11.549994,1536.0
12.337492,13.4999895,9.599999,1536.0,2.40545611189604,6144.0,6144,,,,,
10.124998,13.34999,7.800003,1536.0,4.762430441923785,12288.0,12288,,,,,
8.887501,11.099996,7.500003,1536.0,7.05701334345674,18432.0,18432,,,,,
11.212496,13.34999,9.899999,1536.0,9.325102920103555,24576.0,24576,,,,,
12.524992,14.249988,11.549994,1536.0,11.545527805988968,30720.0,30720,,,,,
,,,,,,30720,22.25,,,,
,,,,,30720.0,30720,,11.174995,13.049991,10.049998,1536.0
13.537489,14.549987,13.049991,1536.0,2.278544756692912,6144.0,6144,,,,,
10.199997,13.949988,7.500003,1536.0,4.517717027128674,12288.0,12288,,,,,
13.42499,14.249988,12.749991,1536.0,6.69816464604529,18432.0,18432,,,,,
11.399995,13.799989,9.150001,1536.0,8.85116651521505,24576.0,24576,,,,,
11.512495,14.399987,9.899999,1536.0,10.977523571654334,30720.0,30720,,,,,
,,,,,,30720,63.5,,,,
,,,,,30720.0,30720,,4.9875016,5.400002,4.2000012,1536.0
13.387489,13.949988,12.299993,1536.0,2.1671216440249745,6144.0,6144,,,,,
12.449992,14.249988,9.749999,1536.0,4.291463407756318,12288.0,12288,,,,,
13.162491,13.799989,12.149993,1536.0,6.358185061175559,18432.0,18432,,,,,
12.787491,13.34999,11.999993,1536.0,8.40908867853745,24576.0,24576,,,,,
11.137495,12.449992,8.700002,1536.0,10.411031933266267,30720.0,30720,,,,,
,,,,,,30720,58.0,,,,
,,,,,30720.0,30720,,5.812502,6.600003,4.6500015,1536.0
12.712492,13.799989,11.849994,1536.0,2.058470287220137,6144.0,6144,,,,,
8.925001,9.45,7.950003,1536.0,4.084095132936048,12288.0,12288,,,,,
9.899999,11.999993,8.4000025,1536.0,6.064741916371122,18432.0,18432,,,,,
9.712499,11.999993,7.350003,1536.0,8.02449766605353,24576.0,24576,,,,,
10.462498,11.999993,8.4000025,1536.0,9.961288821830223,30720.0,30720,,,,,
,,,,,,30720,38.75,,,,
,,,,,30720.0,30720,,8.700001,10.199998,7.200003,1536.0
12.524992,14.549987,10.3499975,1536.0,1.9698034580485964,6144.0,6144,,,,,
13.08749,14.099988,12.149993,1536.0,3.908587044328392,12288.0,12288,,,,,
11.512495,12.749991,9.749999,1536.0,5.803728205816949,18432.0,18432,,,,,
11.174995,13.049991,9.749999,1536.0,7.679305380246243,24576.0,24576,,,,,
13.08749,14.249988,12.299993,1536.0,9.525322174170553,30720.0,30720,,,,,
,,,,,,30720,17.75,,,,
,,,,,30720.0,30720,,11.849994,12.899991,10.199998,1536.0
12.449992,14.399987,10.499997,1536.0,1.8826899974322968,6144.0,6144,,,,,
9.075,12.149993,6.7500024,1536.0,3.7376700190851095,12288.0,12288,,,,,
12.1124935,12.899991,11.399995,1536.0,5.558725761734195,18432.0,18432,,,,,
10.499997,11.999993,8.850001,1536.0,7.360029712556772,24576.0,24576,,,,,
11.774994,12.449992,10.949996,1536.0,9.135482228979532,30720.0,30720,,,,,
,,,,,,30720,11.25,,,,
,,,,,30720.0,30720,,12.824991,14.249988,11.249995,1536.0
13.27499,14.099988,11.849994,1536.0,1.8075237480500288,6144.0,6144,,,,,
10.087498,11.099996,9.150001,1536.0,3.588719152683544,12288.0,12288,,,,,
11.962494,13.19999,11.249995,1536.0,5.336836410692725,18432.0,18432,,,,,
9.524999,11.399995,7.0500026,1536.0,7.069687104208455,24576.0,24576,,,,,
11.849994,13.049991,10.499997,1536.0,8.777513872580334,30720.0,30720,,,,,
,,,,,,30720,58.25,,,,
,,,,,30720.0,30720,,5.7750025,7.200003,4.6500015,1536.0
12.487492,13.799989,9.150001,1536.0,1.7384353680867213,6144.0,6144,,,,,
10.574997,11.099996,9.3,1536.0,3.453447866279914,12288.0,12288,,,,,
